collector,threads,median_mops
BaselineCollector,1,473.184848
MutexCollector,1,82.311643
MutexCollector,2,14.005363
MutexCollector,4,12.123015
MutexCollector,8,9.000276
MutexCollector,16,6.599306
DryRunMutexCollector,1,87.501096
DryRunMutexCollector,2,18.162027
DryRunMutexCollector,4,16.138308
DryRunMutexCollector,8,14.116799
DryRunMutexCollector,16,12.907475
LockStripingCollector,1,52.145356
LockStripingCollector,2,11.294866
LockStripingCollector,4,10.950431
LockStripingCollector,8,9.774009
LockStripingCollector,16,6.461035
ThreadLocalCollector,1,483.214992
ThreadLocalCollector,2,851.921426
ThreadLocalCollector,4,1463.747842
ThreadLocalCollector,8,2174.935050
ThreadLocalCollector,16,2799.345040
DoubleBufferCollector,1,143.940451
DoubleBufferCollector,2,281.783235
DoubleBufferCollector,4,519.321910
DoubleBufferCollector,8,946.594325
DoubleBufferCollector,16,1265.055736
BrokenDoubleBufferCollector,1,144.142722
BrokenDoubleBufferCollector,2,281.645741
BrokenDoubleBufferCollector,4,491.867920
BrokenDoubleBufferCollector,8,850.974472
BrokenDoubleBufferCollector,16,1318.935793
