value,count
1,213511
2,96178
3,60313
4,43995
5,33470
6,27522
7,22479
8,19562
9,17437
10,15162
11,13659
12,12230
13,11235
14,10200
15,9551
16,8709
17,8297
18,7589
19,7272
20,6852
21,6281
22,6075
23,5904
24,5643
25,5267
26,5052
27,4832
28,4568
29,4397
30,4294
31,3986
32,3971
33,3943
34,3645
35,3591
36,3415
37,3399
38,3283
39,3237
40,3090
41,3030
42,2949
43,2833
44,2772
45,2679
46,2518
47,2540
48,2461
49,2486
50,2389
51,2364
52,2318
53,2221
54,2254
55,2219
56,2129
57,2022
58,1992
59,1993
60,1902
61,1892
62,1893
63,1843
64,1820
65,1763
66,1788
67,1676
68,1718
69,1615
70,1594
71,1586
72,1629
73,1561
74,1514
75,1509
76,1424
77,1546
78,1446
79,1406
80,1395
81,1337
82,1387
83,1397
84,1349
85,1266
86,1260
87,1289
88,1261
89,1245
90,1232
91,1178
92,1170
93,1238
94,1159
95,1144
96,1152
97,1105
98,1066
99,1124
100,1096
101,1014
102,1060
103,1077
104,1033
105,1029
106,979
107,1009
108,937
109,1003
110,926
111,977
112,934
113,957
114,951
115,913
116,898
117,850
118,918
119,867
120,860
121,798
122,851
123,871
124,809
125,883
126,863
127,821
128,796
129,804
130,808
131,822
132,772
133,713
134,813
135,752
136,802
137,705
138,752
139,724
140,677
141,726
142,721
143,749
144,684
145,715
146,655
147,648
148,682
149,681
150,663
151,612
152,677
153,666
154,643
155,660
156,642
157,588
158,630
159,614
160,585
161,615
162,622
163,631
164,626
165,616
166,560
167,559
168,670
169,556
170,635
171,609
172,531
173,609
174,590
175,563
176,556
177,552
178,586
179,552
180,591
181,559
182,543
183,539
184,551
185,547
186,548
187,569
188,532
189,480
190,553
191,513
192,581
193,513
194,501
195,507
196,489
197,538
198,473
199,513
200,488
201,457
202,494
203,460
204,476
205,449
206,448
207,459
208,451
209,480
210,502
211,480
212,447
213,443
214,461
215,437
216,445
217,453
218,437
219,446
220,421
221,394
222,439
223,443
224,451
225,418
226,416
227,395
228,379
229,388
230,405
231,394
232,402
233,453
234,414
235,433
236,424
237,399
238,371
239,405
240,398
241,402
242,415
243,374
244,401
245,379
246,325
247,347
248,391
249,379
250,348
251,330
252,386
253,367
254,373
255,406
256,394
257,392
258,354
259,356
260,370
261,367
262,317
263,332
264,339
265,382
266,348
267,327
268,364
269,318
270,345
271,358
272,333
273,361
274,356
275,307
276,338
277,333
278,328
279,357
280,319
281,322
282,318
283,331
284,328
285,326
286,330
287,322
288,356
289,303
290,310
291,291
292,325
293,314
294,309
295,302
296,320
297,289
298,281
299,309
300,295
301,314
302,320
303,291
304,305
305,273
306,296
307,297
308,302
309,262
310,269
311,272
312,292
313,316
314,265
315,299
316,283
317,320
318,289
319,279
320,274
321,274
322,286
323,264
324,275
325,271
326,297
327,259
328,301
329,261
330,247
331,283
332,268
333,254
334,267
335,278
336,265
337,280
338,270
339,276
340,270
341,223
342,246
343,268
344,268
345,258
346,256
347,250
348,278
349,243
350,238
351,277
352,259
353,252
354,247
355,271
356,244
357,268
358,243
359,244
360,252
361,264
362,212
363,264
364,235
365,253
366,248
367,259
368,230
369,216
370,229
371,241
372,241
373,243
374,234
375,234
376,238
377,229
378,207
379,264
380,243
381,250
382,240
383,231
384,235
385,230
386,218
387,241
388,193
389,227
390,228
391,227
392,204
393,245
394,219
395,232
396,209
397,236
398,197
399,227
400,213
401,216
402,227
403,209
404,211
405,227
406,212
407,244
408,213
409,225
410,239
411,221
412,213
413,219
414,212
415,225
416,215
417,214
418,201
419,205
420,236
421,183
422,204
423,222
424,211
425,192
426,201
427,226
428,193
429,222
430,204
431,190
432,197
433,189
434,165
435,168
436,206
437,203
438,190
439,205
440,190
441,179
442,188
443,206
444,202
445,192
446,188
447,180
448,185
449,177
450,207
451,205
452,210
453,162
454,201
455,192
456,193
457,170
458,215
459,162
460,191
461,192
462,189
463,202
464,201
465,181
466,197
467,187
468,178
469,178
470,173
471,172
472,197
473,179
474,194
475,173
476,183
477,164
478,187
479,195
480,174
481,165
482,167
483,174
484,181
485,166
486,201
487,163
488,165
489,160
490,180
491,169
492,153
493,155
494,175
495,168
496,183
497,147
498,147
499,172
500,184
501,158
502,153
503,172
504,169
505,151
506,159
507,158
508,147
509,167
510,156
511,160
512,165
513,137
514,148
515,171
516,161
517,168
518,174
519,157
520,156
521,162
522,177
523,168
524,160
525,161
526,148
527,167
528,169
529,165
530,167
531,160
532,151
533,172
534,155
535,160
536,162
537,145
538,128
539,162
540,158
541,171
542,133
543,168
544,155
545,140
546,141
547,164
548,170
549,149
550,163
551,138
552,148
553,160
554,150
555,130
556,154
557,145
558,169
559,149
560,145
561,141
562,141
563,126
564,146
565,153
566,150
567,140
568,131
569,141
570,140
571,160
572,161
573,154
574,126
575,133
576,152
577,144
578,156
579,144
580,159
581,115
582,138
583,140
584,121
585,147
586,143
587,140
588,160
589,125
590,127
591,138
592,146
593,138
594,141
595,136
596,147
597,123
598,140
599,118
600,131
601,122
602,130
603,133
604,149
605,110
606,134
607,133
608,135
609,116
610,127
611,114
612,140
613,140
614,121
615,146
616,159
617,149
618,125
619,118
620,152
621,126
622,134
623,113
624,134
625,151
626,132
627,126
628,116
629,107
630,137
631,121
632,141
633,145
634,122
635,127
636,147
637,109
638,143
639,125
640,124
641,129
642,106
643,133
644,131
645,135
646,119
647,118
648,93
649,136
650,124
651,120
652,117
653,112
654,110
655,124
656,129
657,124
658,132
659,104
660,132
661,119
662,144
663,115
664,120
665,125
666,136
667,133
668,108
669,112
670,134
671,117
672,124
673,129
674,118
675,119
676,119
677,107
678,114
679,114
680,142
681,135
682,126
683,133
684,114
685,92
686,102
687,116
688,117
689,129
690,108
691,123
692,106
693,110
694,123
695,132
696,135
697,122
698,125
699,116
700,109
701,107
702,122
703,108
704,101
705,99
706,111
707,126
708,106
709,131
710,127
711,99
712,101
713,106
714,116
715,113
716,126
717,121
718,103
719,105
720,123
721,107
722,105
723,117
724,132
725,113
726,112
727,109
728,113
729,108
730,117
731,137
732,142
733,125
734,128
735,110
736,118
737,126
738,100
739,114
740,120
741,114
742,132
743,105
744,104
745,94
746,100
747,107
748,122
749,123
750,102
751,112
752,107
753,112
754,107
755,94
756,113
757,107
758,109
759,82
760,109
761,93
762,100
763,95
764,107
765,111
766,100
767,99
768,97
769,124
770,105
771,105
772,105
773,86
774,97
775,82
776,105
777,101
778,90
779,108
780,75
781,106
782,108
783,95
784,108
785,93
786,108
787,90
788,87
789,112
790,82
791,126
792,98
793,95
794,94
795,112
796,88
797,85
798,106
799,103
800,79
801,98
802,91
803,91
804,96
805,111
806,107
807,87
808,90
809,83
810,110
811,86
812,97
813,82
814,101
815,92
816,88
817,108
818,103
819,94
820,84
821,82
822,114
823,92
824,112
825,73
826,99
827,100
828,100
829,84
830,92
831,110
832,91
833,109
834,85
835,111
836,90
837,88
838,108
839,91
840,92
841,81
842,108
843,83
844,114
845,71
846,71
847,97
848,82
849,86
850,97
851,95
852,102
853,99
854,88
855,95
856,90
857,93
858,79
859,90
860,87
861,88
862,98
863,81
864,92
865,95
866,81
867,85
868,103
869,97
870,79
871,65
872,92
873,88
874,79
875,80
876,85
877,77
878,90
879,82
880,90
881,78
882,97
883,68
884,91
885,89
886,76
887,76
888,93
889,83
890,85
891,94
892,80
893,97
894,90
895,80
896,91
897,81
898,79
899,85
900,92
901,75
902,97
903,95
904,94
905,105
906,88
907,83
908,94
909,84
910,86
911,83
912,97
913,88
914,97
915,77
916,93
917,77
918,97
919,80
920,71
921,75
922,75
923,69
924,70
925,67
926,77
927,71
928,81
929,80
930,72
931,83
932,96
933,90
934,60
935,68
936,83
937,80
938,79
939,69
940,75
941,83
942,80
943,81
944,72
945,71
946,73
947,74
948,78
949,82
950,90
951,81
952,80
953,79
954,93
955,70
956,77
957,77
958,77
959,84
960,64
961,73
962,78
963,74
964,82
965,61
966,79
967,95
968,66
969,68
970,86
971,83
972,84
973,83
974,82
975,85
976,75
977,92
978,81
979,77
980,72
981,59
982,74
983,82
984,74
985,76
986,77
987,77
988,68
989,76
990,57
991,75
992,73
993,75
994,88
995,69
996,87
997,62
998,85
999,79
1000,87
1001,67
1002,90
1003,81
1004,62
1005,69
1006,69
1007,60
1008,64
1009,77
1010,76
1011,66
1012,71
1013,90
1014,94
1015,60
1016,60
1017,53
1018,79
1019,73
1020,80
1021,64
1022,80
1023,69
